
{"best_val_metric": 0.939378419343163, "epoch": 2, "train_loss": 0.029294380536583255, "val_loss": 0.020909624846859112, "val_metric": 0.939378419343163}