
{"best_val_metric": 0.9896341351901784, "epoch": 3, "train_loss": 0.11261176559440128, "val_loss": 0.059723342251446515, "val_metric": 0.9896341351901784}