
{"best_val_metric": 0.9762769727145925, "epoch": 2, "train_loss": 0.14519948570938843, "val_loss": 0.1458335578855541, "val_metric": 0.9762769727145925}