
{"best_val_metric": 0.9826859516255996, "epoch": 3, "train_loss": 0.11808283680618244, "val_loss": 0.09310150291356775, "val_metric": 0.9826859516255996}