
{"best_val_metric": 0.9587816070107853, "epoch": 2, "train_loss": 0.03893997976032097, "val_loss": 0.0382130133608977, "val_metric": 0.9587816070107853}