
{"best_val_metric": 0.9765647158903235, "epoch": 2, "train_loss": 0.14815576658969395, "val_loss": 0.14548382183743847, "val_metric": 0.9765647158903235}