
{"best_val_metric": 0.9887953540858101, "epoch": 2, "train_loss": 0.040078700334249, "val_loss": 0.03368144642768635, "val_metric": 0.9887953540858101}