{
    "best_val_metric": 0.9844238884308758,
    "best_val_metric_std": 0.0028162741319667684,
    "epoch": 3.0,
    "epoch_std": 0.0,
    "train_loss": 0.11208060435094905,
    "train_loss_std": 0.0012647323106863837,
    "val_loss": 0.08419842180899448,
    "val_loss_std": 0.012674098909207095,
    "val_metric": 0.9844238884308758,
    "val_metric_std": 0.0028162741319667684
}