
{"best_val_metric": 0.9810584923800301, "epoch": 2, "train_loss": 0.040360582454094754, "val_loss": 0.03332118255396684, "val_metric": 0.9810584923800301}