{
    "best_val_metric": 0.8830348239225501,
    "best_val_metric_std": 0.004959108849331196,
    "epoch": 1.2,
    "epoch_std": 0.4,
    "train_loss": 0.043165978168561527,
    "train_loss_std": 0.005606644798672827,
    "val_loss": 0.03645183821874006,
    "val_loss_std": 0.001045551694521247,
    "val_metric": 0.8830348239225501,
    "val_metric_std": 0.004959108849331196
}