
{"best_val_metric": 0.9752513801350313, "epoch": 2, "train_loss": 0.14823233752170786, "val_loss": 0.15623386349115106, "val_metric": 0.9752513801350313}