
{"best_val_metric": 0.890593030873467, "epoch": 2, "train_loss": 0.029513213512577543, "val_loss": 0.035413864319427654, "val_metric": 0.890593030873467}