
{"best_val_metric": 0.882320390028112, "epoch": 1, "train_loss": 0.046149422224697464, "val_loss": 0.036939921123640876, "val_metric": 0.882320390028112}