
{"best_val_metric": 0.969220287659589, "epoch": 2, "train_loss": 0.03894555651782124, "val_loss": 0.03856021662553152, "val_metric": 0.969220287659589}