{
    "best_val_metric": 0.8766318980385276,
    "best_val_metric_std": 0.007460074519838959,
    "epoch": 1.0,
    "epoch_std": 0.0,
    "train_loss": 0.1293561782063932,
    "train_loss_std": 0.0013980670208985507,
    "val_loss": 0.15108395561023993,
    "val_loss_std": 0.020568718225388284,
    "val_metric": 0.8766318980385276,
    "val_metric_std": 0.007460074519838959
}