
{"best_val_metric": 0.9827224156435799, "epoch": 3, "train_loss": 0.11273657953943242, "val_loss": 0.0932092495366103, "val_metric": 0.9827224156435799}