
{"best_val_metric": 0.9242622922448551, "epoch": 3, "train_loss": 0.11122372076956848, "val_loss": 0.11009560452981128, "val_metric": 0.9242622922448551}