
{"best_val_metric": 0.9845113193287569, "epoch": 2, "train_loss": 0.040143139977548, "val_loss": 0.030431634953452483, "val_metric": 0.9845113193287569}