{
    "best_val_metric": 0.8853167599322749,
    "best_val_metric_std": 0.000958477359076174,
    "epoch": 3.0,
    "epoch_std": 0.816496580927726,
    "train_loss": 0.02668679348404429,
    "train_loss_std": 0.0034282053859273835,
    "val_loss": 0.03521100493768851,
    "val_loss_std": 0.0005917870778608243,
    "val_metric": 0.8853167599322749,
    "val_metric_std": 0.000958477359076174
}