
{"best_val_metric": 0.9929918857181773, "epoch": 4, "train_loss": 0.03218184474704075, "val_loss": 0.020687097476588354, "val_metric": 0.9929918857181773}