
{"best_val_metric": 0.9209833636003382, "epoch": 4, "train_loss": 0.032333481433984436, "val_loss": 0.05813714944654041, "val_metric": 0.9209833636003382}