
{"best_val_metric": 0.3838668842526043, "epoch": 4, "train_loss": 0.3362644921600549, "val_loss": 1.3909748610523012, "val_metric": 0.3838668842526043}