
{"best_val_metric": 0.8900591240209692, "epoch": 1, "train_loss": 0.046081440254331765, "val_loss": 0.03608521739287036, "val_metric": 0.8900591240209692}