
{"best_val_metric": 0.7185577084036434, "epoch": 3, "train_loss": 0.12826471119638413, "val_loss": 0.14552506804466248, "val_metric": 0.7185577084036434}