
{"best_val_metric": 0.9874738875557395, "epoch": 3, "train_loss": 0.11172746302034688, "val_loss": 0.06061211404287153, "val_metric": 0.9874738875557395}