
{"best_val_metric": 0.9727340095183429, "epoch": 2, "train_loss": 0.14766956715186397, "val_loss": 0.14985997188422415, "val_metric": 0.9727340095183429}