
{"best_val_metric": 0.9864735778640298, "epoch": 2, "train_loss": 0.0403043174965114, "val_loss": 0.028072602891673643, "val_metric": 0.9864735778640298}