
{"best_val_metric": 0.8839642370448393, "epoch": 4, "train_loss": 0.02281662463282799, "val_loss": 0.034793263094292745, "val_metric": 0.8839642370448393}