{
    "best_val_metric": 0.939524297503864,
    "best_val_metric_std": 0.0028805352215736943,
    "epoch": 2.0,
    "epoch_std": 0.0,
    "train_loss": 0.02916946151524049,
    "train_loss_std": 0.00018389780147207168,
    "val_loss": 0.02187075164789955,
    "val_loss_std": 0.0009116349283348345,
    "val_metric": 0.939524297503864,
    "val_metric_std": 0.0028805352215736943
}