{
    "best_val_metric": 0.9856933870736289,
    "best_val_metric_std": 0.002399886213290257,
    "epoch": 2.0,
    "epoch_std": 0.0,
    "train_loss": 0.0403098248424727,
    "train_loss_std": 0.0005823447701554072,
    "val_loss": 0.031281843357202084,
    "val_loss_std": 0.0018508491336356086,
    "val_metric": 0.9856933870736289,
    "val_metric_std": 0.002399886213290257
}