{
    "best_val_metric": 0.8894186639318279,
    "best_val_metric_std": 0.0011957082090174953,
    "epoch": 2.0,
    "epoch_std": 0.816496580927726,
    "train_loss": 0.03319132162948277,
    "train_loss_std": 0.008969600243371562,
    "val_loss": 0.03615065629227867,
    "val_loss_std": 0.0006270505491591176,
    "val_metric": 0.8894186639318279,
    "val_metric_std": 0.0011957082090174953
}