
{"best_val_metric": 0.7218550741672516, "epoch": 4, "train_loss": 0.11281811402690026, "val_loss": 0.13959919992420408, "val_metric": 0.7218550741672516}