
{"best_val_metric": 0.9936008768923142, "epoch": 4, "train_loss": 0.03216683539409303, "val_loss": 0.02533748456173473, "val_metric": 0.9936008768923142}