
{"best_val_metric": 0.8814148061415729, "epoch": 2, "train_loss": 0.031727492898091375, "val_loss": 0.03513829906781515, "val_metric": 0.8814148061415729}