
{"best_val_metric": 0.8896771879757152, "epoch": 1, "train_loss": 0.04362105023250636, "val_loss": 0.039976706728339195, "val_metric": 0.8896771879757152}