
{"best_val_metric": 0.8765515334465924, "epoch": 1, "train_loss": 0.04597211026010059, "val_loss": 0.03712052931743009, "val_metric": 0.8765515334465924}