{
    "best_val_metric": 0.9545030642958249,
    "best_val_metric_std": 0.003907617906259739,
    "epoch": 3.0,
    "epoch_std": 0.0,
    "train_loss": 0.16634816688838652,
    "train_loss_std": 0.0014517956899721017,
    "val_loss": 0.1779218294140365,
    "val_loss_std": 0.01157379151142303,
    "val_metric": 0.9545030642958249,
    "val_metric_std": 0.003907617906259739
}