
{"best_val_metric": 0.938913667903227, "epoch": 2, "train_loss": 0.029194075494813614, "val_loss": 0.02303891075361106, "val_metric": 0.938913667903227}