
{"best_val_metric": 0.9870584747370552, "epoch": 2, "train_loss": 0.04035900981080331, "val_loss": 0.030528528305391472, "val_metric": 0.9870584747370552}