{
    "best_val_metric": 0.9251566015037836,
    "best_val_metric_std": 0.0030366594247204903,
    "epoch": 2.6666666666666665,
    "epoch_std": 0.9428090415820634,
    "train_loss": 0.04203497142304307,
    "train_loss_std": 0.0068601772538767255,
    "val_loss": 0.05399820912215445,
    "val_loss_std": 0.0029426530439761235,
    "val_metric": 0.9251566015037836,
    "val_metric_std": 0.0030366594247204903
}