
{"best_val_metric": 0.9495825241593754, "epoch": 3, "train_loss": 0.16732904787146677, "val_loss": 0.19353561993274424, "val_metric": 0.9495825241593754}