
{"best_val_metric": 0.9170767384416917, "epoch": 3, "train_loss": 0.11194132223824942, "val_loss": 0.10206718748021457, "val_metric": 0.9170767384416917}