
{"best_val_metric": 0.8820884280345019, "epoch": 2, "train_loss": 0.029849109982007797, "val_loss": 0.035999529995024204, "val_metric": 0.8820884280345019}