
{"best_val_metric": 0.9813386832966524, "epoch": 3, "train_loss": 0.11332495283256956, "val_loss": 0.08509205561131239, "val_metric": 0.9813386832966524}