
{"best_val_metric": 0.8799687027931213, "epoch": 2, "train_loss": 0.02973899520294959, "val_loss": 0.037921426352113485, "val_metric": 0.8799687027931213}