
{"best_val_metric": 0.9897174063850852, "epoch": 4, "train_loss": 0.03225301519524796, "val_loss": 0.021941752535187535, "val_metric": 0.9897174063850852}