
{"best_val_metric": 0.9433198045281803, "epoch": 2, "train_loss": 0.02899116488098849, "val_loss": 0.022250619096060593, "val_metric": 0.9433198045281803}
{"best_val_metric": 0.9433198045281803, "epoch": 2, "train_loss": 0.02899116488098849, "val_loss": 0.022250619096060593, "val_metric": 0.9433198045281803}