
{"best_val_metric": 0.8877778088345247, "epoch": 3, "train_loss": 0.024516849481228908, "val_loss": 0.03609168618463744, "val_metric": 0.8877778088345247}