
{"best_val_metric": 0.9820694572785321, "epoch": 3, "train_loss": 0.11640965415397282, "val_loss": 0.08300793688330385, "val_metric": 0.9820694572785321}