
{"best_val_metric": 0.9853532384423649, "epoch": 3, "train_loss": 0.11532760215123189, "val_loss": 0.077310586348176, "val_metric": 0.9853532384423649}