
{"best_val_metric": 0.9263657156158897, "epoch": 2, "train_loss": 0.046823531804863316, "val_loss": 0.05155365210440424, "val_metric": 0.9263657156158897}