
{"best_val_metric": 0.9842717822860269, "epoch": 3, "train_loss": 0.10968570100865063, "val_loss": 0.08865624573081732, "val_metric": 0.9842717822860269}