
{"best_val_metric": 0.9364131057963652, "epoch": 2, "train_loss": 0.02910116312499994, "val_loss": 0.021018495369288657, "val_metric": 0.9364131057963652}