
{"best_val_metric": 0.8859153705484727, "epoch": 3, "train_loss": 0.02609299810834543, "val_loss": 0.03479183387632171, "val_metric": 0.8859153705484727}