
{"best_val_metric": 0.9385771260542028, "epoch": 2, "train_loss": 0.029283084198282232, "val_loss": 0.02283424583988057, "val_metric": 0.9385771260542028}