{
    "best_val_metric": 0.9842030777650722,
    "best_val_metric_std": 0.001973236891033356,
    "epoch": 3.0,
    "epoch_std": 0.0,
    "train_loss": 0.11547248869427937,
    "train_loss_std": 0.0020907244010289145,
    "val_loss": 0.08049558096875747,
    "val_loss_std": 0.011259867394465536,
    "val_metric": 0.9842030777650722,
    "val_metric_std": 0.001973236891033356
}