
{"best_val_metric": 0.975354394491981, "epoch": 2, "train_loss": 0.1504974480598371, "val_loss": 0.14833925084935295, "val_metric": 0.975354394491981}