
{"best_val_metric": 0.9949635617873248, "epoch": 4, "train_loss": 0.03174889007938347, "val_loss": 0.02425349907328685, "val_metric": 0.9949635617873248}