
{"best_val_metric": 0.9926099496729234, "epoch": 4, "train_loss": 0.03217858709955594, "val_loss": 0.027895302253050938, "val_metric": 0.9926099496729234}