
{"best_val_metric": 0.9633666732731987, "epoch": 2, "train_loss": 0.03822846625388549, "val_loss": 0.03768681382967366, "val_metric": 0.9633666732731987}