
{"best_val_metric": 0.9650083324488472, "epoch": 2, "train_loss": 0.03931042376268186, "val_loss": 0.036900327230493225, "val_metric": 0.9650083324488472}