
{"best_val_metric": 0.9742288869969985, "epoch": 2, "train_loss": 0.15275668755074734, "val_loss": 0.15561960265040398, "val_metric": 0.9742288869969985}