
{"best_val_metric": 0.9413881547310773, "epoch": 2, "train_loss": 0.028773669828972264, "val_loss": 0.022484708422174055, "val_metric": 0.9413881547310773}
{"best_val_metric": 0.9413881547310773, "epoch": 2, "train_loss": 0.028773669828972264, "val_loss": 0.022484708422174055, "val_metric": 0.9413881547310773}