
{"best_val_metric": 0.9910508709795335, "epoch": 4, "train_loss": 0.032158790353385557, "val_loss": 0.0210449136276212, "val_metric": 0.9910508709795335}