
{"best_val_metric": 0.9733449921888464, "epoch": 2, "train_loss": 0.14782515428694068, "val_loss": 0.16045961529016495, "val_metric": 0.9733449921888464}