
{"best_val_metric": 0.9599428422310773, "epoch": 2, "train_loss": 0.0387298986027609, "val_loss": 0.03861211136811309, "val_metric": 0.9599428422310773}