{
    "best_val_metric": 0.9742247791851268,
    "best_val_metric_std": 0.001847239150716724,
    "epoch": 2.0,
    "epoch_std": 0.0,
    "train_loss": 0.1482330912952318,
    "train_loss_std": 0.0023539104313568438,
    "val_loss": 0.15277221160423424,
    "val_loss_std": 0.005251387295627235,
    "val_metric": 0.9742247791851268,
    "val_metric_std": 0.001847239150716724
}