{
    "best_val_metric": 0.9744593930595061,
    "best_val_metric_std": 0.0017391910588779314,
    "epoch": 2.0,
    "epoch_std": 0.0,
    "train_loss": 0.1483838315500669,
    "train_loss_std": 0.0025926514198202476,
    "val_loss": 0.1527092196306007,
    "val_loss_std": 0.005645881497551418,
    "val_metric": 0.9744593930595061,
    "val_metric_std": 0.0017391910588779314
}