
{"best_val_metric": 0.9713649749755859, "epoch": 2, "train_loss": 0.15044545855900743, "val_loss": 0.1568223169694344, "val_metric": 0.9713649749755859}