
{"best_val_metric": 0.9850326881689184, "epoch": 2, "train_loss": 0.03975826575952388, "val_loss": 0.03080386720183823, "val_metric": 0.9850326881689184}