
{"best_val_metric": 0.8860706722035128, "epoch": 2, "train_loss": 0.031150757710959456, "val_loss": 0.036047917842451066, "val_metric": 0.8860706722035128}