
{"best_val_metric": 0.9930039749426001, "epoch": 4, "train_loss": 0.03245583409521367, "val_loss": 0.022574979863646958, "val_metric": 0.9930039749426001}