
{"best_val_metric": 0.983102493426379, "epoch": 2, "train_loss": 0.040120981857928145, "val_loss": 0.03130586745424403, "val_metric": 0.983102493426379}