
{"best_val_metric": 0.8898851520874921, "epoch": 1, "train_loss": 0.045543901894641844, "val_loss": 0.03694641837277091, "val_metric": 0.8898851520874921}