
{"best_val_metric": 0.9548047149882597, "epoch": 3, "train_loss": 0.16810788875943838, "val_loss": 0.17073577476872337, "val_metric": 0.9548047149882597}