
{"best_val_metric": 0.9686580545762006, "epoch": 2, "train_loss": 0.03885390075056532, "val_loss": 0.03855091933574942, "val_metric": 0.9686580545762006}