
{"best_val_metric": 0.879180438378278, "epoch": 2, "train_loss": 0.031957503639034227, "val_loss": 0.03458469893251147, "val_metric": 0.879180438378278}