
{"best_val_metric": 0.9841524257379419, "epoch": 3, "train_loss": 0.11204402277969137, "val_loss": 0.09431121591478586, "val_metric": 0.9841524257379419}