
{"best_val_metric": 0.9914299670387717, "epoch": 4, "train_loss": 0.03200046368238673, "val_loss": 0.02313642990258005, "val_metric": 0.9914299670387717}