
{"best_val_metric": 0.9895172259386849, "epoch": 2, "train_loss": 0.04032363617505127, "val_loss": 0.030256432843291096, "val_metric": 0.9895172259386849}