
{"best_val_metric": 0.9609618116827572, "epoch": 3, "train_loss": 0.16384650720056973, "val_loss": 0.1626308514840073, "val_metric": 0.9609618116827572}