
{"best_val_metric": 0.735041332244873, "epoch": 5, "train_loss": 0.07932188628769632, "val_loss": 0.25820814569791156, "val_metric": 0.735041332244873}
{"best_val_metric": 0.882163479924202, "epoch": 1, "train_loss": 0.13068775545379416, "val_loss": 0.13624757528305054, "val_metric": 0.882163479924202}
{"best_val_metric": 0.8676588228520226, "epoch": 1, "train_loss": 0.1295558071477496, "val_loss": 0.12337416576014625, "val_metric": 0.8676588228520226}