
{"best_val_metric": 0.9834328539231244, "epoch": 3, "train_loss": 0.11581488733966284, "val_loss": 0.08844576465586822, "val_metric": 0.9834328539231244}