
{"best_val_metric": 0.7033474743366241, "epoch": 3, "train_loss": 0.1131719570440143, "val_loss": 0.2623455921808879, "val_metric": 0.7033474743366241}
{"best_val_metric": 0.8859238501857308, "epoch": 1, "train_loss": 0.1309598889943231, "val_loss": 0.15727504508362877, "val_metric": 0.8859238501857308}