
{"best_val_metric": 0.6119797580382403, "epoch": 8, "train_loss": 0.23291204453551725, "val_loss": 0.40489014983177185, "val_metric": 0.6119797580382403}