{
    "best_val_metric": 0.9616972299183116,
    "best_val_metric_std": 0.005601269070681298,
    "epoch": 2.0,
    "epoch_std": 0.0,
    "train_loss": 0.038863575136171676,
    "train_loss_std": 0.0002939291553313595,
    "val_loss": 0.03813519736544953,
    "val_loss_std": 0.0006474662314785032,
    "val_metric": 0.9616972299183116,
    "val_metric_std": 0.005601269070681298
}