
{"best_val_metric": 0.9443596110624426, "epoch": 2, "train_loss": 0.02902150028354074, "val_loss": 0.021185688105308347, "val_metric": 0.9443596110624426}