
{"best_val_metric": 0.9758061976993785, "epoch": 2, "train_loss": 0.14452108449305634, "val_loss": 0.1592556196782324, "val_metric": 0.9758061976993785}