
{"best_val_metric": 0.9523417143260732, "epoch": 2, "train_loss": 0.03928184082862426, "val_loss": 0.03833256020314164, "val_metric": 0.9523417143260732}