
{"best_val_metric": 0.9281207252951229, "epoch": 2, "train_loss": 0.04694790103028145, "val_loss": 0.0523038258155187, "val_metric": 0.9281207252951229}