
{"best_val_metric": 0.9713212672401877, "epoch": 2, "train_loss": 0.1470279230300748, "val_loss": 0.14981449550638595, "val_metric": 0.9713212672401877}