
{"best_val_metric": 0.7369948267936707, "epoch": 5, "train_loss": 0.07808955940441113, "val_loss": 0.25280093650023144, "val_metric": 0.7369948267936707}
{"best_val_metric": 0.8763130210778293, "epoch": 1, "train_loss": 0.12755283847710683, "val_loss": 0.17260265598694483, "val_metric": 0.8763130210778293}