
{"best_val_metric": 0.9410968528074377, "epoch": 2, "train_loss": 0.029322122969667748, "val_loss": 0.022359091167648632, "val_metric": 0.9410968528074377}