
{"best_val_metric": 0.9145278019063613, "epoch": 3, "train_loss": 0.1125159562751047, "val_loss": 0.11747757852491406, "val_metric": 0.9145278019063613}