
{"best_val_metric": 0.8748324583558476, "epoch": 1, "train_loss": 0.03359917227071431, "val_loss": 0.04362848670118385, "val_metric": 0.8748324583558476}