
{"best_val_metric": 0.8748324583558476, "epoch": 1, "train_loss": 0.03359917227071431, "val_loss": 0.04362848670118385, "val_metric": 0.8748324583558476}
{"best_val_metric": 0.849964836064507, "epoch": 3, "train_loss": 0.19576200621854348, "val_loss": 0.27608529726664227, "val_metric": 0.849964836064507}