{
    "best_val_metric": 0.7096717877715242,
    "best_val_metric_std": 0.014958871811992836,
    "epoch": 3.6666666666666665,
    "epoch_std": 0.4714045207910317,
    "train_loss": 0.11760581116522513,
    "train_loss_std": 0.007549949606264262,
    "val_loss": 0.14090127967022084,
    "val_loss_std": 0.003371872813376424,
    "val_metric": 0.7096717877715242,
    "val_metric_std": 0.014958871811992836
}