
{"best_val_metric": 0.963737989173216, "epoch": 2, "train_loss": 0.03885487353178977, "val_loss": 0.03926445419589678, "val_metric": 0.963737989173216}