
{"best_val_metric": 0.9556612021782819, "epoch": 3, "train_loss": 0.16591808546260542, "val_loss": 0.189000912838512, "val_metric": 0.9556612021782819}