
{"best_val_metric": 0.8870626337387982, "epoch": 1, "train_loss": 0.045669414464643586, "val_loss": 0.03752882432724748, "val_metric": 0.8870626337387982}