
{"best_val_metric": 0.934904982061947, "epoch": 2, "train_loss": 0.029374378598622207, "val_loss": 0.02243482952730523, "val_metric": 0.934904982061947}