
{"best_val_metric": 0.9925333997782539, "epoch": 4, "train_loss": 0.03209532541651154, "val_loss": 0.022433878853917122, "val_metric": 0.9925333997782539}