
{"best_val_metric": 0.95150506847045, "epoch": 3, "train_loss": 0.16653930514785228, "val_loss": 0.17370598804619578, "val_metric": 0.95150506847045}