
{"best_val_metric": 0.9523137983153848, "epoch": 2, "train_loss": 0.03862828410821349, "val_loss": 0.03772856233020624, "val_metric": 0.9523137983153848}