
{"best_val_metric": 0.9636010001687443, "epoch": 2, "train_loss": 0.038862527245053465, "val_loss": 0.03750299517479208, "val_metric": 0.9636010001687443}