
{"best_val_metric": 0.9850403386003831, "epoch": 2, "train_loss": 0.04192810742793981, "val_loss": 0.0344166262075305, "val_metric": 0.9850403386003831}