
{"best_val_metric": 0.6886025807436775, "epoch": 4, "train_loss": 0.11173460827239098, "val_loss": 0.13757957104179594, "val_metric": 0.6886025807436775}