
{"best_val_metric": 0.6579048353082994, "epoch": 11, "train_loss": 0.19086418125519167, "val_loss": 0.37017992990357534, "val_metric": 0.6579048353082994}