
{"best_val_metric": 0.9863439062062431, "epoch": 2, "train_loss": 0.03972150713107741, "val_loss": 0.030000244732946157, "val_metric": 0.9863439062062431}