
{"best_val_metric": 0.8844408357844633, "epoch": 1, "train_loss": 0.042605732631242704, "val_loss": 0.04307517440368732, "val_metric": 0.8844408357844633}