
{"best_val_metric": 0.9368912507505978, "epoch": 2, "train_loss": 0.029339075235934427, "val_loss": 0.020191303350859217, "val_metric": 0.9368912507505978}